{
    "test_loss": 0.054400909692049026,
    "test_accuracy": 0.9870378971099854,
    "test_precision": 0.9877641797065735,
    "test_recall": 0.982300877571106,
    "test_auc": 0.9962107539176941,
    "auc_roc_score": 0.9966248604095098
}