{
    "test_loss": 0.05481206625699997,
    "test_accuracy": 0.9860777854919434,
    "test_precision": 0.9866518378257751,
    "test_recall": 0.9811946749687195,
    "test_auc": 0.9957365989685059,
    "auc_roc_score": 0.9960711375655418
}