{
    "test_loss": 0.0807359591126442,
    "test_accuracy": 0.9795167446136475,
    "test_precision": 0.9711889028549194,
    "test_recall": 0.9819321632385254,
    "test_auc": 0.9950867295265198,
    "auc_roc_score": 0.9953086544852854
}